x;y;total_temperature
0.016188668;-0.0045792083;7718.3174
0.015851334;-0.0045793988;7729.3843
0.01551399;-0.0045795902;7730.0737
0.015176669;-0.004579775;7733.3823
0.014164629;-0.0045802752;7822.6899
0.014839413;-0.0045799473;7741.9795
0.014164635;-0.0042843614;7842.7349
0.014502216;-0.0045801122;7777.9497
0.014164641;-0.0039884299;7861.2017
0.014502235;-0.0042841993;7773.5645
0.014502253;-0.0039882697;7810.2305
0.023268856;-0.0039836732;7711.9277
0.014502272;-0.0036923231;7844.0625
0.01483947;-0.0039881058;7749.5718
0.022931818;-0.0039838515;7714.4268
0.023269005;-0.003687914;7754.124
0.023605898;-0.0039834948;7706.4004
0.014164689;-0.0019163715;7875.894
0.014502419;-0.0016201589;7772.248
0.014839503;-0.003692162;7803.1831
0.015176708;-0.0039879377;7725.644
0.022594776;-0.0039840303;7712.7271
0.022931974;-0.0036880844;7758.0254
0.023606036;-0.0036877438;7753.7964
0.023942942;-0.003983316;7697.8296
0.014164683;-0.0022124399;7846.8037
0.014502401;-0.0019162395;7804.5757
0.01483975;-0.001620034;7698.042
0.014164668;-0.002804517;7774.3999
0.014502309;-0.0031003775;7718.0938
0.014839534;-0.0033962019;7717.1191
0.015176754;-0.0036919969;7800.4424
0.015513982;-0.0039877691;7715.3579
0.022257732;-0.0039842087;7711.1768
0.02259494;-0.0036882549;7760.9365
0.02394307;-0.0036875731;7750.6704
0.024279989;-0.0039831377;7700.8247
0.014164677;-0.0025084876;7824.2505
0.014502381;-0.0022122995;7718.6909
0.014839718;-0.0019161049;7695.9771
0.015177103;-0.0016199066;7652.8115
0.014502332;-0.0028043736;7731.2573
0.014839566;-0.003100225;7689.6133
0.015176799;-0.0033960408;7767.5078
0.015514027;-0.0036918283;7797.0942
0.015851313;-0.0039875987;7707.4751
0.021920683;-0.003984387;7705.3213
0.0222579;-0.0036884253;7763.4668
0.024280103;-0.0036874029;7748.6421
0.024617039;-0.0039829593;7704.1904
0.014502358;-0.0025083451;7729.5586
0.014839679;-0.0022121649;7493.1006
0.015177048;-0.0019159794;7612.8511
0.015514469;-0.0016197888;7638.4614
0.014839598;-0.00280423;7707.562
0.015176844;-0.0031000688;7671.061
0.015514087;-0.0033958764;7766.9824
0.015851337;-0.0036916598;7794.501
0.016188685;-0.0039874231;7695.4043
0.021583628;-0.0039845658;7710.5078
0.021920856;-0.0036885957;7770.4121
0.024617141;-0.0036872325;7747.4678
0.024954103;-0.0039827805;7708.4131
0.014839634;-0.0025082114;7617.4204
0.015176985;-0.0022120422;7348.4175
0.015514388;-0.001915866;7588.4404
0.015851848;-0.0016196736;7640.8418
0.015176889;-0.0028040803;7679.5532
0.015514146;-0.0030999093;7656.4287
0.015851395;-0.0033957087;7764.1792
0.016188698;-0.0036914926;7790.6401
0.016526043;-0.0039872443;7703.2378
0.021246567;-0.0039847442;7710.7939
0.021583805;-0.0036887662;7771.4551
0.024954187;-0.0036870618;7744.0078
0.025291169;-0.0039826022;7707.7769
0.015176933;-0.0025080745;7556.3301
0.015514317;-0.002211913;7292.3896
0.01585176;-0.0019157336;7609.8711
0.016189253;-0.0016195391;7623.9775
0.016864046;-0.0016192459;7612.3706
0.015514202;-0.0028039268;7659.0479
0.015851466;-0.0030997468;7645.6655
0.016188731;-0.0033955413;7756.2529
0.016526075;-0.0036913236;7789.7363
0.016863376;-0.003987066;7704.5967
0.020909498;-0.003984923;7714.5264
0.021246744;-0.0036889366;7773.8335
0.025291238;-0.0036868914;7743.1089
0.025628248;-0.0039824238;7706.854
0.01551426;-0.0025079283;7541.3062
0.015851684;-0.0022117645;7271.6929
0.016189162;-0.0019155794;7567.8989
0.01652666;-0.0016193932;7617.1333
0.016863933;-0.0019152658;7579.1123
0.015851537;-0.0028037704;7659.3462
0.0161888;-0.0030995787;7643.104
0.016526105;-0.0033953781;7755.0869
0.016863426;-0.0036911531;7790.2764
0.017200679;-0.0039868872;7703.7813
0.020572416;-0.0039851014;7718.875
0.020909673;-0.003689107;7775.7427
0.025628297;-0.003686721;7735.7124
0.025965337;-0.003982245;7706.3091
0.015851609;-0.0025077765;7531.438
0.016189072;-0.0022116038;7265.8784
0.016526556;-0.0019154235;7561.3604
0.01618889;-0.0028036041;7664.2866
0.016526155;-0.0030994122;7644.7261
0.016863476;-0.003395217;7755.4487
0.017200746;-0.0036909822;7789.1357
0.01753795;-0.0039867088;7705.7954
0.020235322;-0.0039852802;7718.1357
0.02057259;-0.0036892775;7779.022
0.025965368;-0.0036865503;7734.4731
0.026302448;-0.0039820648;7697.1392
0.016188979;-0.0025076123;7538.0205
0.016526455;-0.0022114387;7270.3335
0.016526245;-0.0028034304;7666.144
0.016863527;-0.0030992569;7643.9155
0.017200815;-0.0033950559;7750.5342
0.017538035;-0.0036908118;7787.6357
0.017875196;-0.00398653;7711.207
0.019898217;-0.0039854585;7719.1719
0.020235494;-0.0036894481;7781.0898
0.02630249;-0.0036863575;7730.8994
0.026639609;-0.0039818613;7697.1328
0.016526351;-0.0025074391;7542.0562
0.016863596;-0.0028032737;7670.5571
0.017200883;-0.0030991065;7640.5205
0.017538121;-0.0033948948;7741.4185
0.017875297;-0.0036906414;7788.8301
0.018212419;-0.0039863512;7714.7036
0.019561095;-0.0039856369;7721.5464
0.019898381;-0.0036896183;7784.9434
0.026639687;-0.0036861238;7725.0757
0.026976839;-0.003981621;7710.3145
0.02832645;-0.0039805542;7774.9243
0.016863702;-0.002507274;7552.4429
0.017200951;-0.0028031333;7676.5156
0.017538207;-0.0030989558;7625.1938
0.017875399;-0.0033947336;7737.5933
0.018212534;-0.0036904707;7787.498
0.018549619;-0.0039861728;7720.7905
0.019223955;-0.0039858157;7718.2715
0.019561252;-0.0036897887;7785.2139
0.026976921;-0.0036858693;7730.9897
0.027314095;-0.0039813616;7725.9487
0.027988629;-0.0039808284;7752.6528
0.028326459;-0.003684805;7822.105
0.01720104;-0.0025071343;7564.9292
0.017538292;-0.0028029946;7677.126
0.0178755;-0.0030988054;7631.0381
0.01821265;-0.0033945723;7735.6221
0.018549748;-0.0036903;7791.7573
0.018886797;-0.003985994;7714.0674
0.019224104;-0.0036899594;7787.6963
0.027314162;-0.0036856104;7739.02
0.02765136;-0.0039810976;7734.2246
0.027988659;-0.0036850786;7787.7109
0.028326469;-0.0033890666;7865.9487
0.017538378;-0.00250701;7571.3623
0.017875602;-0.0028028563;7679.5894
0.018212764;-0.003098655;7630.5781
0.018549874;-0.0033944112;7715.9048
0.018886935;-0.0036901298;7790.5605
0.027651407;-0.0036853468;7753.3564
0.027988687;-0.003389338;7772.207
0.028326478;-0.0030933386;7874.0732
0.017875703;-0.0025068845;7577.5234
0.018212881;-0.0028027177;7687.1431
0.018550003;-0.0030985046;7622.3125
0.018887075;-0.0033942503;7717.4927
0.027651455;-0.0033896042;7669.1675
0.027988717;-0.0030936063;7792.7383
0.028326489;-0.0027976215;7897.2295
0.018212995;-0.0025067593;7588.3105
0.018550131;-0.0028025792;7689.7334
0.018887214;-0.003098354;7617.7612
0.027651504;-0.0030938687;7684.0542
0.027988747;-0.0027978837;7855.1948
0.017875919;-0.001914866;7546.7876
0.018550258;-0.002506634;7584.7266
0.018887354;-0.0028024404;7689.5259
0.019224402;-0.0030982038;7622.8345
0.027651552;-0.0027981403;7800.8408
0.02798878;-0.0025021704;7800.4233
0.017876053;-0.0016188326;7578.2813
0.018213226;-0.0019147755;7517.624
0.018887492;-0.0025065085;7590.0928
0.019224551;-0.0028023021;7697.772
0.019561566;-0.0030980532;7619.3252
0.027314363;-0.0027983927;7769.3291
0.027651606;-0.0025024193;7766.2329
0.01821335;-0.001618745;7563.0571
0.018550515;-0.0019146804;7544.3994
0.0192247;-0.0025063832;7598.8022
0.019561723;-0.0028021636;7699.9131
0.019898709;-0.0030979028;7614.9517
0.026977178;-0.0027986409;7758.8398
0.027314434;-0.0025026635;7750.1758
0.02765166;-0.002206706;7433.5107
0.027988844;-0.0019107604;7527.7798
0.028326532;-0.0016148352;7710.1118
0.018550642;-0.00161867;7580.8062
0.018887771;-0.0019145852;7507.0498
0.019561879;-0.002506258;7608.4565
0.019898873;-0.0028020251;7702.9199
0.026639996;-0.0027988849;7748.9414
0.026977267;-0.0025029047;7726.3887
0.027314506;-0.0022069404;7470.8853
0.027651716;-0.0019109955;7470.6587
0.027988875;-0.0016150639;7571.0522
0.028326543;-0.0013191567;7766.0342
0.018887909;-0.0016185918;7583.2729
0.019224998;-0.0019144902;7498.2754
0.019899037;-0.0025061327;7599.6523
0.020236;-0.0028018865;7708.7412
0.026302826;-0.0027991282;7749.6113
0.026640104;-0.0025031432;7730.4604
0.026977357;-0.0022071714;7358.9033
0.027314585;-0.0019112232;7436.2993
0.027651768;-0.0016152873;7414.9585
0.027988909;-0.0013193726;7516.21
0.028326554;-0.0010234842;7804.98
0.019225147;-0.0016185138;7530.4258
0.019562196;-0.0019143951;7510.252
0.020236168;-0.0025060074;7622.5791
0.020573108;-0.0028017482;7712.5898
0.020910023;-0.0030974513;7601.9277
0.025965676;-0.002799372;7748.9927
0.026302952;-0.0025033816;7731.1318
0.026640214;-0.0022074031;7449.98
0.026977453;-0.0019114432;7394.062
0.027314659;-0.0016155062;7340.9204
0.02765182;-0.0013195828;7100.8809
0.027988942;-0.001023686;7601.8115
0.028326565;-0.00072781707;7826.8809
0.019562352;-0.0016184356;7545.3018
0.019899365;-0.0019143001;7471.3594
0.020573281;-0.0025058824;7632.0688
0.020910196;-0.0028016095;7712.3218
0.025628546;-0.0027996048;7745.9712
0.025965815;-0.0025036191;7724.3872
0.026303079;-0.0022076343;7468.042
0.026640326;-0.0019116635;7394.5273
0.02697755;-0.0016157185;7307.7881
0.027314734;-0.0013197886;6948.4609
0.027651878;-0.0010238816;7322.8193
0.027988978;-0.00072800368;7734.0728
0.028326577;-0.00043215408;7580.6938
0.019899528;-0.0016183577;7532.8511
0.020236507;-0.001914205;7470.9888
0.020910373;-0.0025057569;7640.5508
0.02124727;-0.0028014712;7714.1387
0.025291465;-0.0027997978;7743.7725
0.025628699;-0.002503854;7720.4692
0.025965959;-0.0022078636;7444.0107
0.026303209;-0.0019118852;7397.2222
0.026640441;-0.0016159257;7306.6836
0.026977647;-0.0013199904;6909.7388
0.027314812;-0.0010240726;7184.52
0.027651934;-0.00072818343;7626.5874
0.027989013;-0.0004323246;7484.9224
0.020236677;-0.0016182796;7523.5356
0.020573627;-0.00191411;7492.2085
0.021247447;-0.0025056317;7646.6943
0.02158433;-0.0028013326;7717.9229
0.024954442;-0.0027999484;7745.5195
0.025291601;-0.0025040726;7719.6504
0.025628854;-0.0022080899;7429.7603
0.025966104;-0.0019121044;7448.7559
0.02630334;-0.0016161338;7312.3916
0.026640559;-0.001320187;6902.9727
0.026977744;-0.0010242596;7131.5771
0.027314886;-0.00072835805;7560.7124
0.027651992;-0.00043248764;7403.4614
0.020573799;-0.0016182016;7514.769
0.020910723;-0.001914015;7484.6636
0.021584503;-0.0025055064;7645.9692
0.021921374;-0.0028011941;7719.4458
0.024617447;-0.002800087;7740.1299
0.024954546;-0.0025042458;7716.2549
0.025291767;-0.0022083139;7430.0039
0.025629012;-0.0019123212;7421.9443
0.025966249;-0.0016163415;7325.854
0.026303474;-0.0013203805;6903.2988
0.026640674;-0.001024443;7117.7998
0.026977839;-0.00072852848;7537.5835
0.027314968;-0.00043264433;7336.8701
0.020910898;-0.0016181236;7501.3491
0.021247797;-0.0019139198;7476.1548
0.021921547;-0.0025053814;7658.6431
0.022258407;-0.002801056;7720.5332
0.024280449;-0.0028002253;7734.5557
0.024617547;-0.0025043795;7717.0708
0.024954695;-0.0022085169;7427.8564
0.025291933;-0.0019125352;7395.4082
0.025629172;-0.0016165465;7328.0337
0.025966398;-0.0013205737;6910.8647
0.026303608;-0.0010246228;7102.8203
0.026640791;-0.00072869548;7528.312
0.02697794;-0.00043279672;7302.6724
0.021247974;-0.0016180455;7479.6499
0.021584855;-0.0019138249;7459.9038
0.02192172;-0.0022095602;7345.5791
0.022258578;-0.0025052561;7668.8682
0.022595432;-0.0028009173;7724.9502
0.023943452;-0.0028003638;7729.3115
0.024280567;-0.0025045048;7696.7681
0.024617665;-0.002208669;7414.5718
0.024954867;-0.0019127452;7434.4614
0.025292102;-0.0016167479;7354.7666
0.025629332;-0.0013207647;6921.8716
0.025966547;-0.0010248;7099.0913
0.026303744;-0.0007288598;7512.9121
0.026640913;-0.00043294585;7295.2124
0.02158503;-0.0016179674;7479.1382
0.021921894;-0.0019137301;7454.5405
0.022258746;-0.0022094494;7334.9434
0.022595596;-0.0025051308;7678.6318
0.022932446;-0.002800779;7729.3174
0.023606453;-0.0028005019;7731.5737
0.023943581;-0.00250463;7681.9424
0.02428068;-0.0022087849;7386.7114
0.024617817;-0.0019129294;7440.2568
0.024955045;-0.001616945;7379.9229
0.025292274;-0.0013209514;6934.2188
0.025629494;-0.0010249747;7099.5605
0.025966698;-0.00072902022;7512.6284
0.026303882;-0.00043309285;7280.166
0.021922067;-0.0016178894;7461.5874
0.022258915;-0.0019136348;7447.0825
0.022595759;-0.0022093388;7369.043
0.022932602;-0.0025050058;7686.7949
0.023269452;-0.0028006407;7730.062
0.023606593;-0.002504755;7685.4932
0.023943709;-0.0022088957;7386.8091
0.024280805;-0.0019130611;7410.3076
0.024617994;-0.0016171387;7381.8594
0.024955224;-0.0013211351;6947.7466
0.025292449;-0.0010251463;7082.2773
0.025629658;-0.00072917738;7504.4258
0.025966857;-0.00043323659;7282.7339
0.022259085;-0.0016178114;7438.3662
0.022595923;-0.0019135398;7484.21
0.02293276;-0.002209228;7372.5972
0.023269601;-0.0025048805;7683.9575
0.023606732;-0.0022090063;7381.376
0.023943836;-0.0019131599;7418.0107
0.024280962;-0.0016173064;7375.4707
0.02461818;-0.0013213162;6944.2583
0.024955407;-0.0010253156;7085.2686
0.025292626;-0.00072933279;7470.8354
0.02562983;-0.0004333746;7267.4761
0.022596087;-0.0016177333;7453.772
0.022932917;-0.0019134448;7423.0791
0.02326975;-0.0022091174;7373.8237
0.023606872;-0.0019132548;7460.8462
0.023943972;-0.0016174191;7373.7197
0.024281146;-0.0013214948;6940.0571
0.024618372;-0.0010254825;7078.479
0.024955597;-0.000729486;7452.3857
0.025292804;-0.0004335104;7226.9688
0.022933073;-0.0016176554;7441.4248
0.023269899;-0.0019133498;7455.4033
0.02360701;-0.0016174994;7411.729
0.023944128;-0.0013216455;6836.2642
0.024281343;-0.0010256472;7076.5239
0.024618568;-0.00072963722;7444.416
0.024955785;-0.00043364696;7210.0425
0.023270048;-0.0016175774;7411.7808
0.023607152;-0.0013217379;6948.4873
0.023944318;-0.0010258099;7066.4126
0.024281546;-0.00072978745;7441.8638
0.024618767;-0.00043378246;7181.8452
0.023270197;-0.0013217984;6859.1704
0.02360731;-0.0010259415;7072.1143
0.023944527;-0.00072993687;7429.3169
0.024281755;-0.00043391733;7208.8872
0.023270346;-0.0010260122;7060.1396
0.023607507;-0.00073008356;7418.5527
0.023944741;-0.00043405144;7187.46
0.022933388;-0.0010260525;7071.0859
0.023270512;-0.00073019153;7414.2993
0.023607727;-0.00043418424;7170.9424
0.022596415;-0.0010260928;7066.8813
0.022933546;-0.00073023693;7407.0542
0.023270715;-0.00043430889;7143.6426
0.022259424;-0.0010261331;7047.7734
0.022596579;-0.00073025655;7407.1924
0.022933718;-0.00043438841;7156.5244
0.021922411;-0.0010261734;7064.0059
0.022259591;-0.00073027617;7393.6753
0.022596743;-0.0004344082;7149.0068
0.021585379;-0.0010262138;7067.6777
0.021922585;-0.00073029572;7377.542
0.022259761;-0.00043440587;7133.8999
0.021248326;-0.0010262541;7052.748
0.021585556;-0.0007303154;7372.1147
0.021922758;-0.00043440354;7118.4927
0.020911248;-0.0010262944;7062.4678
0.021248503;-0.00073033496;7363.5044
0.021585729;-0.00043440121;7088.3364
0.020574145;-0.0010263347;7055.8081
0.020911423;-0.00073035457;7345.543
0.021248676;-0.00043439891;7108.1284
0.020237016;-0.001026375;7043.5967
0.020574318;-0.00073037419;7333.896
0.020911599;-0.00043439656;7091.1973
0.019899856;-0.0010264154;7040.311
0.020237185;-0.0007303938;7325.9209
0.020574491;-0.00043439423;7079.4644
0.019562667;-0.0010264558;7037.061
0.01990002;-0.00073041342;7324.4229
0.020237353;-0.00043439196;7072.5313
0.019225445;-0.0010264961;7034.0518
0.019562826;-0.00073043304;7307.5947
0.019900184;-0.00043438957;7060.6597
0.018888189;-0.0010265363;7039.0342
0.019225594;-0.00073045265;7321.6074
0.019562982;-0.0004343873;7051.9194
0.01855091;-0.0010265969;7022.3877
0.018888332;-0.00073049311;7300.498
0.019225746;-0.00043440278;7038.1592
0.01821362;-0.001026698;7008.501
0.018551052;-0.00073058088;7293.3486
0.018888485;-0.00043446675;7028.165
0.017876312;-0.001026819;7014.6431
0.018213753;-0.00073069427;7278.5718
0.018551201;-0.00043456588;7015.1992
0.017538983;-0.0010269383;7017.7646
0.017876435;-0.00073080405;7257.481
0.018213892;-0.00043466908;7000.8647
0.017201632;-0.0010270558;7044.2471
0.017539099;-0.00073090999;7254.1299
0.017876565;-0.00043476891;6990.1733
0.016864259;-0.0010271715;7012.709
0.017201744;-0.00073101418;7250.5508
0.01753922;-0.0004348653;6982.334
0.016526859;-0.0010272879;7000.3286
0.016864361;-0.00073111674;7230.7178
0.017201852;-0.00043495782;6969.9321
0.016189439;-0.0010274007;6994.8618
0.016526956;-0.00073121471;7206.6206
0.016864471;-0.00043503789;6959.9634
0.015852014;-0.0010275096;6994.1616
0.016189527;-0.00073131401;7208.5605
0.01652706;-0.00043511609;6945.4814
0.015514593;-0.0010276189;6995.7026
0.015852083;-0.00073141494;7191.5044
0.016189616;-0.00043520672;6938.835
0.015177192;-0.0010277262;7004.8374
0.01551465;-0.00073151157;7181.0249
0.015852155;-0.00043529909;6925.6284
0.014164708;-0.0010280338;7195.5396
0.014839814;-0.0010278313;7032.688
0.015177238;-0.00073160627;7178.7026
0.015514709;-0.00043538481;6922.6216
0.014164715;-0.00073187554;7412.0864
0.014502457;-0.001027934;7109.415
0.014839847;-0.00073169876;7194.6348
0.015177284;-0.00043546592;6923.3472
0.014164724;-0.00043569005;7570.3179
0.014502478;-0.00073178863;7267.8076
0.014839882;-0.00043554479;6997.498
0.014164735;-0.00013948027;7638.0898
0.014502501;-0.00043561732;7256.3218
0.014164742;0.0001567499;7721.5732
0.014502531;-0.00013941573;7314.4985
0.014164749;0.00045299678;7509.8354
0.014502558;0.00015680518;7532.6924
0.014502579;0.00045303255;7411.73
0.014839971;0.00015685326;7345.1992
0.014840016;0.00045307458;7303.6045
0.015177392;0.00015689005;7272.3501
0.01517746;0.00045310834;7244.3013
0.01551484;0.00015693909;7249.2988
0.015514918;0.00045313599;7268.1865
0.015852315;0.00015700303;7244.6558
0.015852399;0.00045317574;7232.9097
0.016189799;0.0001570679;7233.7773
0.016189894;0.00045322446;7204.7554
0.016527269;0.00015713363;7222.7065
0.016527373;0.00045327391;7180.0654
0.016864717;0.00015720016;7205.1411
0.016864829;0.00045332403;7181.6592
0.017202122;0.00015725615;7196.7285
0.017202251;0.00045337476;7159.0132
0.01753949;0.00015730405;7199.3774
0.017539635;0.00045341701;7158.8706
0.017876845;0.00015736429;7192.1611
0.01787699;0.00045345328;7140.8066
0.018214183;0.00015743441;7175.0317
0.018214326;0.00045349938;7140.1353
0.018551497;0.0001575052;7191.3516
0.018551644;0.0004535529;7123.3667
0.01888879;0.00015757667;7147.02
0.018888939;0.00045360695;7116.1504
0.019226061;0.00015764881;7123.8467
0.019226212;0.00045366155;7080.3091
0.019563306;0.00015770666;7173.0566
0.019563461;0.00045371661;7104.8262
0.019900516;0.00015771521;7142.4648
0.019900681;0.00045375226;7101.4102
0.020237692;0.00015767725;7128.3882
0.020237863;0.0004537316;7081.8701
0.020574838;0.00015762744;7117.2217
0.020575009;0.00045366536;7073.2002
0.020911947;0.00015757763;7109.4341
0.020912124;0.00045359027;7065.6597
0.02124903;0.00015752781;7099.5313
0.021249205;0.00045351515;7043.1216
0.021586081;0.00015747802;7087.6055
0.021586254;0.00045344007;7053.1187
0.021923102;0.00015742821;7084.7788
0.021923283;0.00045337598;7027.8149
0.022260109;0.00015739308;7078.7935
0.022260312;0.00045336338;7045.1162
0.022597123;0.00015741221;7072.8555
0.022597346;0.00045341271;7012.0664
0.022934146;0.00015748765;7063.4448
0.022934377;0.00045348375;6997.9565
0.023271164;0.00015758029;7060.3965
0.023271395;0.00045355549;6986.0054
0.023608178;0.00015767387;7054.2031
0.023608409;0.00045362796;6984.2036
0.023945186;0.00015776842;7048.541
0.023945412;0.00045370124;6977.2905
0.024282191;0.00015786391;7025.2246
0.024282411;0.00045377531;6958.1763
0.02461919;0.00015796046;7013.7031
0.024619402;0.00045384865;6952.6094
0.024956189;0.00015805603;7026.1865
0.024956394;0.00045392106;6949.0195
0.025293186;0.00015815048;7023.0288
0.02529338;0.00045399644;6943.0508
0.025630184;0.00015824883;7020.4575
0.025630362;0.00045407526;6931.2056
0.025967175;0.0001583515;7015.0928
0.025967339;0.00045415532;6926.9946
0.026304167;0.0001584557;6996.0024
0.026304314;0.00045423667;6914.7021
0.026641158;0.00015856168;7024.3716
0.026641289;0.0004543197;6916.8003
0.02697815;0.00015866976;6992.6919
0.026978258;0.00045440605;6912.8281
0.027315134;0.0001587825;6990.1104
0.027315218;0.0004544977;6904.8379
0.027652113;0.00015890172;7008.7837
0.027652176;0.00045459386;6927.3154
0.027989086;0.00015902649;7021.5923
0.028326618;0.00045481091;7277.3994
0.027989129;0.00045469613;7062.5015
0.028326634;0.00075045769;7336.0347
0.027989175;0.00075035973;7052.3833
0.028326657;0.0010461078;7375.9194
0.027989235;0.0010460233;7169.7847
0.028326701;0.0013422269;7450.5107
0.027652327;0.0010459682;6985.1392
0.027989324;0.0013421875;7359.2788
0.02731541;0.0010459232;6902.9019
0.027652428;0.0013421664;7299.6309
0.026978483;0.0010458833;6885.2896
0.027315523;0.0013421508;7205.4063
0.026641553;0.0010458457;6883.895
0.026978614;0.0013421377;7227.4185
0.026304618;0.0010458101;6886.5991
0.026641697;0.0013421258;7258.2324
0.025967674;0.0010457768;6874.5356
0.026304778;0.0013421145;7212.855
0.025630727;0.0010457446;6870.0142
0.025967851;0.0013421038;7173.0874
0.025630917;0.0013420939;7180.2344
0.014164431;-0.012861323;6446.9502
0.014164479;-0.012565335;6457.6377
0.014501674;-0.012861272;6444.2427
0.014164505;-0.012269678;6479.1074
0.014501774;-0.012565232;6488.9512
0.014838569;-0.012861244;6470.6016
0.014164523;-0.01197402;6510.5811
0.014501836;-0.012269568;6539.1685
0.014838676;-0.012565165;6534.7275
0.015175473;-0.012861223;6459.7305
0.014164538;-0.011678357;6611.2358
0.014501886;-0.011973899;6549.2446
0.014838761;-0.01226948;6652.4595
0.015175592;-0.012565109;6540.5059
0.015512382;-0.012861204;6463.0532
0.014164553;-0.01138269;6823.1797
0.014501929;-0.011678223;6612.3857
0.014838833;-0.011973793;6596.479
0.015175695;-0.012269403;6639.5015
0.015512515;-0.012565061;6542.9775
0.015849296;-0.012861188;6457.3149
0.014164633;-0.0093128867;7358.8794
0.014164565;-0.011087019;6977.0947
0.014501968;-0.011382541;6821.644
0.014838899;-0.011678099;6629.0288
0.015175788;-0.011973695;6617.064
0.015512636;-0.01226933;6653.4956
0.015849445;-0.012565014;6543.6851
0.016186217;-0.012861171;6447.7402
0.014164622;-0.00960859;7214.7178
0.014502209;-0.0093126409;7321.8052
0.014164576;-0.010791343;7046.0596
0.014502005;-0.011086853;6974.8813
0.01483896;-0.011382399;6817.8726
0.015175874;-0.01167798;6637.4849
0.015512748;-0.011973601;6630.9272
0.015849583;-0.01226926;6655.9082
0.016186379;-0.01256497;6542.5371
0.016523143;-0.012861155;6447.188
0.014164612;-0.0099042868;7130.2681
0.014502176;-0.0096083544;7203.252
0.014839359;-0.0093124006;7335.521
0.014164589;-0.010495664;7082.4292
0.014502041;-0.010791164;7041.1426
0.014839022;-0.011086697;6974.9404
0.015175959;-0.011382265;6831.1616
0.015512858;-0.011677871;6647.2422
0.015849715;-0.011973513;6635.4512
0.016186535;-0.012269196;6685.9321
0.016523322;-0.012564928;6536.8838
0.016860077;-0.012861141;6443.479
0.014164601;-0.010199978;7107.5718
0.014502143;-0.0099040652;7137.3447
0.014839304;-0.0096081253;7207.0601
0.01517651;-0.0093121696;7318.082
0.014502076;-0.010495468;7090.4155
0.014839083;-0.010790991;7045.0674
0.015176045;-0.011086548;6975.5859
0.015512964;-0.011382136;6858.1431
0.015849845;-0.011677766;6655.0488
0.016186688;-0.011973431;6641.2666
0.016523495;-0.012269136;6649.9121
0.016860271;-0.012564888;6532.0972
0.01719702;-0.012861126;6434.8027
0.014502112;-0.010199768;7126.5815
0.014839251;-0.0099038482;7150.9893
0.015176432;-0.0096079027;7208.5166
0.015513659;-0.0093119415;7337.6719
0.01483914;-0.010495281;7111.1821
0.015176127;-0.010790825;7044.3755
0.01551307;-0.011086402;6971.3022
0.015849974;-0.011382014;6839.0073
0.016186837;-0.011677664;6661.1621
0.016523663;-0.01197335;6642.4082
0.016860457;-0.012269075;6650.6006
0.017197223;-0.01256485;6532.6372
0.017533969;-0.012861112;6415.0552
0.014839196;-0.010199566;7175.0146
0.015176356;-0.0099036349;7160.272
0.015513563;-0.0096076867;7216.3784
0.015850801;-0.0093117142;7319.5083
0.015176205;-0.010495098;7120.4243
0.015513171;-0.010790663;7046.3906
0.015850097;-0.011086262;6976.3008
0.016186982;-0.011381894;6849.2686
0.016523827;-0.011677563;6674.04
0.016860642;-0.01197327;6644.3086
0.017197425;-0.012269015;6651.5869
0.017534183;-0.012564812;6521.0161
0.017870929;-0.012861098;6412.502
0.01517628;-0.010199368;7169.2061
0.015513463;-0.0099034291;7165.2178
0.015850687;-0.0096074715;7218.2402
0.016187934;-0.0093114879;7330.8125
0.015513271;-0.010494919;7124.8433
0.015850218;-0.010790505;7045.9834
0.016187124;-0.011086123;6980.1733
0.016523989;-0.011381775;6846.0767
0.01686082;-0.011677464;6682.3623
0.01719762;-0.011973192;6649.9502
0.017534396;-0.012268959;6647.6401
0.017871153;-0.012564774;6519.1265
0.018207898;-0.012861085;6409.6226
0.015513366;-0.010199174;7176.6001
0.01585057;-0.0099032288;7171.1235
0.016187804;-0.0096072555;7223.1641
0.016525052;-0.0093112625;7332.5864
0.015850337;-0.010494745;7126.7715
0.016187264;-0.01079035;7045.521
0.016524151;-0.011085988;6980.9878
0.016860999;-0.011381662;6844.3188
0.017197814;-0.011677369;6688.9951
0.017534604;-0.011973117;6652.1689
0.017871374;-0.012268903;6647.8281
0.018208131;-0.012564738;6510.9717
0.018544881;-0.012861072;6386.7354
0.015850453;-0.010198985;7179.7861
0.016187672;-0.0099030267;7174.061
0.016524907;-0.0096070431;7229.4189
0.016862158;-0.0093110409;7326.8979
0.016187403;-0.010494575;7127.396
0.016524309;-0.010790199;7043.8486
0.016861176;-0.011085858;6980.4346
0.017198011;-0.011381552;6854.4028
0.017534813;-0.011677278;6695.708
0.017871594;-0.011973044;6660.4775
0.018208362;-0.012268848;6651.522
0.018545121;-0.012564703;6504.1943
0.018881876;-0.012861059;6393.9033
0.016187537;-0.0101988;7182.4585
0.01652476;-0.0099028274;7178.2324
0.016861998;-0.0096068317;7229.0605
0.017199244;-0.0093108211;7334.2505
0.01652446;-0.010494407;7126.2935
0.016861347;-0.010790052;7043.3257
0.017198198;-0.011085731;6981.4814
0.01753502;-0.011381442;6860.2705
0.017871812;-0.011677188;6697.0898
0.018208589;-0.01197297;6661.043
0.018545356;-0.012268794;6653.3354
0.018882118;-0.012564668;6501.1846
0.019218881;-0.012861046;6391.1851
0.016524613;-0.010198615;7185.6841
0.016861839;-0.0099026291;7184.0161
0.017199077;-0.009606624;7234.1733
0.016861513;-0.010494242;7127.334
0.01719838;-0.010789905;7041.1367
0.017535217;-0.011085603;6984.29
0.017872024;-0.011381332;6860.7495
0.018208811;-0.011677095;6704.0649
0.018545587;-0.011972897;6668.2632
0.018882357;-0.01226874;6655.082
0.019219125;-0.012564631;6504.1445
0.019555902;-0.012861033;6370.8745
0.016861675;-0.010198433;7186.7246
0.017198905;-0.0099024354;7186.8081
0.017536141;-0.0096064191;7238.229
0.017198559;-0.010494079;7123.9028
0.017535411;-0.010789761;7038.2822
0.017872233;-0.011085477;6986.3789
0.018209031;-0.011381221;6870.8926
0.018545814;-0.011677004;6710.6313
0.018882591;-0.011972825;6671.6743
0.019219365;-0.012268686;6654.8613
0.019556146;-0.012564596;6500.7129
0.019892937;-0.01286102;6354.5967
0.017198732;-0.010198255;7185.6919
0.017535962;-0.0099022454;7190.6992
0.017873192;-0.0096062403;7239.5425
0.017535597;-0.01049392;7124.9077
0.017872436;-0.01078962;7037.9351
0.018209247;-0.01108535;6982.6611
0.018546037;-0.011381114;6876.4902
0.018882822;-0.011676914;6714.6616
0.019219602;-0.011972752;6677.7441
0.019556385;-0.012268632;6659.6021
0.019893181;-0.012564561;6499.6689
0.02022999;-0.012861007;6364.0176
0.017535781;-0.010198079;7188.2451
0.017873013;-0.0099020582;7193.9712
0.018210201;-0.0096061165;7244.417
0.0185473;-0.0093102669;7331.5034
0.017872632;-0.010493762;7123.5166
0.018209457;-0.010789479;7033.8184
0.018546261;-0.011085225;6983.4121
0.018883049;-0.011381006;6880.0361
0.019219834;-0.011676824;6724.584
0.019556621;-0.011972682;6682.0513
0.019893417;-0.012268579;6652.9209
0.020230228;-0.012564526;6485.5166
0.02056706;-0.012860995;6345.001
0.017872823;-0.010197907;7188.8179
0.018210044;-0.009901898;7196.1318
0.01854717;-0.009606027;7245.8081
0.018884275;-0.0093101654;7338.3037
0.01820966;-0.010493606;7121.5034
0.018546477;-0.010789338;7031.0957
0.018883273;-0.011085101;6980.9282
0.019220062;-0.0113809;6882.4248
0.019556852;-0.011676736;6731.7485
0.01989365;-0.011972611;6683.6885
0.020230461;-0.012268526;6647.6328
0.02056729;-0.012564491;6482.9604
0.020904146;-0.012860982;6351.7222
0.01820986;-0.010197736;7189.269
0.018547034;-0.0099017937;7199.7339
0.018884137;-0.0096059423;7249.4688
0.019221259;-0.0093100648;7346.7847
0.018546686;-0.010493452;7120.1323
0.018883493;-0.010789202;7026.8892
0.019220285;-0.011084986;6978.3652
0.019557077;-0.011380807;6916.1055
0.019893875;-0.011676664;6731.1992
0.020230684;-0.011972561;6684.9824
0.020567512;-0.012268499;6651.5991
0.020904362;-0.012564489;6470.9326
0.021241244;-0.012861005;6347.6006
0.018546876;-0.010197595;7188.8521
0.018883996;-0.0099017248;7199.6382
0.019221108;-0.0096058585;7251.0249
0.019558249;-0.0093099643;7341.9858
0.01888369;-0.01049333;7118.1738
0.01922049;-0.010789105;7024.5361
0.019557282;-0.011084916;6976.5195
0.01989408;-0.011380764;6885.1196
0.020230887;-0.01167665;6736.001
0.020567713;-0.011972576;6691.6025
0.02090456;-0.012268541;6678.6284
0.021241436;-0.012564559;6479.2876
0.021578353;-0.012861063;6335.0249
0.018883852;-0.010197513;7190.0747
0.019220959;-0.0099016577;7201.3672
0.019558091;-0.0096057747;7255.188
0.01989525;-0.0093098637;7341.9316
0.019220658;-0.010493272;7112.5083
0.019557456;-0.010789072;7020.3833
0.019894257;-0.011084907;6976.645
0.020231068;-0.01138078;6889.5044
0.020567896;-0.011676691;6741.5503
0.02090474;-0.011972642;6694.4385
0.021241613;-0.012268632;6662.1787
0.021578521;-0.012564672;6471.2231
0.021915494;-0.012861087;6310.9546
0.019220809;-0.010197464;7185.0244
0.019557932;-0.0099015925;7202.8501
0.019895084;-0.0096056899;7257.3193
0.020232264;-0.0093097622;7334.8647
0.019557616;-0.010493245;7110.7495
0.019894423;-0.010789065;7015.2861
0.020231239;-0.011084921;6979.0981
0.020568069;-0.011380814;6891.5015
0.020904919;-0.011676747;6748.4985
0.021241792;-0.011972718;6701.9497
0.021578696;-0.01226873;6661.2168
0.021915643;-0.012564744;6468.3462
0.022252671;-0.012861077;6324.6733
0.019557774;-0.010197417;7183.7354
0.01989492;-0.0099015255;7206.2803
0.020232093;-0.0096056052;7260.2915
0.020569289;-0.0093096606;7359.439
0.019894589;-0.010493217;7106.7427
0.020231411;-0.010789057;7014.4614
0.020568244;-0.011084935;6980.4878
0.020905094;-0.011380849;6895.2197
0.021241968;-0.011676802;6752.1704
0.021578873;-0.011972796;6704.4106
0.021915812;-0.012268823;6661.8696
0.022252813;-0.012564745;6465.8296
0.02258987;-0.012861066;6309.2817
0.019894755;-0.010197369;7175.5405
0.020231921;-0.0099014593;7208.8125
0.020569114;-0.0096055213;7264.8252
0.020906329;-0.0093095601;7345.9707
0.02023158;-0.01049319;7106.9043
0.020568419;-0.010789052;7011.1772
0.020905271;-0.01108495;6977.4502
0.021242147;-0.011380885;6898.2202
0.02157905;-0.011676859;6757.4927
0.021915987;-0.011972873;6709.646
0.022252966;-0.012268869;6657.813
0.022590015;-0.012564716;6458.9106
0.022927092;-0.012861055;6304.5557
0.020231752;-0.010197323;7184.0923
0.020568941;-0.0099013932;7211.5996
0.020906152;-0.0096054366;7266.4722
0.021243386;-0.0093094585;7350.1992
0.020568592;-0.010493163;7105.2832
0.020905446;-0.010789044;7008.6294
0.021242324;-0.011084963;6976.1445
0.021579226;-0.011380919;6900.4795
0.02191616;-0.011676915;6761.5991
0.022253133;-0.01197294;6712.4463
0.02259016;-0.012268851;6684.3203
0.02292724;-0.012564687;6446.9692
0.023264341;-0.012861044;6288.1992
0.020568766;-0.010197275;7187.3926
0.020905975;-0.0099013261;7215.5542
0.021243211;-0.0096053518;7268.9111
0.021580461;-0.009309357;7344.0288
0.020905623;-0.010493136;7102.4258
0.021242499;-0.010789039;7006.7769
0.021579403;-0.011084977;6975.8145
0.021916335;-0.011380954;6901.8228
0.022253305;-0.011676971;6765.894
0.022590317;-0.01197296;6716.2778
0.022927389;-0.012268809;6659.1348
0.023264488;-0.012564659;6448.0269
0.023601614;-0.012861034;6259.3398
0.0209058;-0.010197227;7189.3374
0.021243032;-0.00990126;7219.3198
0.021580283;-0.009605268;7271.1943
0.021917555;-0.0093092564;7336.5479
0.021242678;-0.010493108;7100.7998
0.021579579;-0.010789031;6999.2773
0.021916509;-0.011084991;6973.9385
0.022253476;-0.011380988;6902.9253
0.022590483;-0.011677014;6767.0884
0.022927538;-0.011972924;6715.0708
0.023264637;-0.012268766;6655.6182
0.023601763;-0.012564631;6445.0679
0.023938913;-0.012861025;6271.9214
0.021242855;-0.01019718;7189.2124
0.021580109;-0.0099011939;7219.9673
0.02191738;-0.0096051842;7273.8442
0.02225467;-0.0093091549;7348.3438
0.021579755;-0.010493082;7097.7344
0.021916684;-0.010789024;6997.2627
0.022253649;-0.011085005;6972.6353
0.022590652;-0.011381024;6903.1172
0.022927694;-0.011677009;6773.1133
0.023264788;-0.011972867;6716.5107
0.023601912;-0.012268723;6679.3232
0.023939058;-0.012564604;6426.104
0.024276236;-0.012861015;6266.2832
0.021579932;-0.010197133;7189.0596
0.021917207;-0.0099011268;7223.9058
0.022254501;-0.0096050985;7276.9102
0.022591809;-0.0093090534;7349.8691
0.021916859;-0.010493054;7097.8989
0.022253817;-0.010789017;6993.5762
0.022590816;-0.011085019;6969.8042
0.022927858;-0.011381043;6904.5938
0.023264939;-0.011676953;6777.8457
0.023602061;-0.01197281;6721.249
0.023939209;-0.012268681;6656.1509
0.024276378;-0.01256458;6427.0747
0.024613591;-0.012861004;6240.0708
0.021917032;-0.010197086;7189.3154
0.022254329;-0.0099010607;7226.9907
0.022591643;-0.0096050147;7278.4316
0.022928972;-0.0093089528;7352.3315
0.022253988;-0.010493027;7093.0405
0.022590982;-0.010789011;6988.8271
0.02292802;-0.011085032;6968.3594
0.023265094;-0.011381012;6906.085
0.02360221;-0.011676883;6780.0859
0.023939354;-0.011972753;6725.7559
0.024276525;-0.01226864;6655.4927
0.024613721;-0.012564553;6426.6567
0.024950974;-0.012860993;6262.5874
0.022254158;-0.010197039;7189.7046
0.022591479;-0.0099009946;7227.9355
0.022928813;-0.0096049309;7280.6587
0.023266161;-0.0093088513;7371.0938
0.022591148;-0.010493;7093.1592
0.022928178;-0.010789003;6985.1978
0.023265256;-0.011085028;6965.79
0.023602363;-0.011380938;6905.4326
0.023939503;-0.011676813;6784.2632
0.024276672;-0.011972697;6726.4629
0.024613861;-0.012268605;6650.3804
0.0249511;-0.012564523;6416.2461
0.025288383;-0.012860981;6232.8755
0.022591313;-0.010196991;7192.0244
0.022928655;-0.0099009275;7230.1763
0.02326601;-0.0096048452;7282.0435
0.023603378;-0.0093087507;7350.9478
0.022928338;-0.010492972;7089.2944
0.02326541;-0.010788997;6979.1069
0.023602517;-0.011084972;6962.2861
0.023939652;-0.011380853;6905.8359
0.024276817;-0.01167674;6788.7354
0.024614008;-0.011972644;6733.7231
0.024951227;-0.012268566;6648.9829
0.025288507;-0.012564491;6415.21
0.025625825;-0.012860969;6235.6655
0.022928495;-0.010196945;7192.4248
0.023265861;-0.0099008614;7230.3599
0.023603238;-0.0096047614;7285.4678
0.023940623;-0.0093086492;7338.6025
0.023265559;-0.010492945;7086.7178
0.023602672;-0.010788968;6973.2627
0.023939803;-0.011084878;6959.2983
0.024276964;-0.011380768;6906.7417
0.024614157;-0.01167667;6790.7627
0.024951363;-0.011972599;6737.6162
0.02528863;-0.012268519;6646.75
0.025625944;-0.012564461;6398.7217
0.025963299;-0.012860957;6226.2583
0.02326571;-0.010196897;7192.3169
0.023603097;-0.0099007953;7230.4375
0.023940496;-0.0096046776;7285.1733
0.024277899;-0.0093085477;7350.354
0.023602815;-0.010492918;7084.3281
0.023939952;-0.010788889;6969.918
0.02427711;-0.01108478;6956.916
0.024614299;-0.011380684;6907.96
0.024951512;-0.011676605;6791.8657
0.025288751;-0.011972545;6738.5522
0.025626061;-0.012268472;6644.0352
0.025963414;-0.012564427;6395.3853
0.026300805;-0.012860944;6181.9048
0.023602955;-0.01019685;7192.2764
0.023940366;-0.0099007282;7235.4878
0.024277784;-0.0096045919;7288.4141
0.024615206;-0.0093084471;7369.2207
0.023940094;-0.010492869;7079.9365
0.024277251;-0.010788782;6964.9292
0.024614438;-0.011084684;6955.2188
0.024951655;-0.011380599;6908.166
0.025288882;-0.011676548;6796.6309
0.025626175;-0.011972485;6742.2671
0.025963522;-0.012268424;6639.2041
0.026300909;-0.012564394;6390.3335
0.026638327;-0.012860933;6167.707
0.023940228;-0.010196803;7192.1743
0.024277657;-0.009900664;7236.4424
0.024615088;-0.0096045109;7288.0542
0.024952529;-0.0093083475;7336.0415
0.024277382;-0.010492774;7078.9727
0.024614571;-0.010788675;6959.6646
0.024951786;-0.01108459;6952.7578
0.025289023;-0.011380524;6908.1533
0.025626287;-0.011676482;6799.3315
0.025963631;-0.011972422;6740.5352
0.026301015;-0.012268375;6633.9053
0.026638422;-0.012564361;6381.3262
0.026975855;-0.012860921;6155.5874
0.024277519;-0.010196738;7190.7354
0.024614953;-0.009900583;7237.1499
0.024952397;-0.0096044131;7286.4468
0.025289852;-0.0093082283;7345.1758
0.024614694;-0.010492656;7072.4224
0.024951905;-0.010788572;6958.4497
0.025289152;-0.011084497;6950.7065
0.02562641;-0.011380455;6908.7456
0.025963733;-0.011676406;6801.417
0.026301112;-0.011972357;6741.6587
0.026638515;-0.012268323;6632.5801
0.02697593;-0.012564331;6370.6499
0.027313381;-0.012860912;6152.501
0.024614822;-0.01019663;7189.0513
0.024952266;-0.0099004619;7238.5195
0.025289724;-0.0096042734;7290.7544
0.025627192;-0.0093080737;7334.71
0.027651343;-0.0093071014;7333.6987
0.024952024;-0.01049254;7069.8638
0.025289264;-0.010788469;6952.6875
0.025626536;-0.011084411;6946.5664
0.025963837;-0.011380374;6909.3687
0.026301205;-0.011676326;6804.3657
0.026638607;-0.011972288;6743.6436
0.026976008;-0.012268275;6627.8799
0.027313432;-0.012564301;6354.6274
0.027650908;-0.012860904;6155.6963
0.024952143;-0.0101965;7189.043
0.025289603;-0.0099003185;7240.1743
0.025627078;-0.0096041132;7291.1392
0.025964558;-0.0093079023;7346.2119
0.027314033;-0.0093072522;7339.7065
0.025289375;-0.010492424;7065.9873
0.025626646;-0.010788363;6947.3306
0.025963947;-0.011084326;6943.9453
0.026301302;-0.011380283;6909.6602
0.026638694;-0.011676245;6807.5854
0.02697609;-0.011972221;6742.8545
0.027313486;-0.012268228;6618.688
0.027650924;-0.012564277;6338.3613
0.027988426;-0.012860902;6148.8247
0.025289487;-0.010196371;7187.6836
0.025626965;-0.0099001713;7239.292
0.025964454;-0.009603953;7294.6445
0.026301941;-0.0093077328;7346.9771
0.026976701;-0.0093074031;7344.4482
0.025626749;-0.010492306;7063.7217
0.025964051;-0.01078826;6942.0586
0.026301393;-0.011084224;6942.6377
0.026638776;-0.011380189;6914.2095
0.02697617;-0.011676161;6809.1035
0.027313551;-0.011972156;6744.6187
0.02765096;-0.012268184;6629.4419
0.027988408;-0.012564262;6322.7881
0.028326407;-0.012860919;6152.7642
0.025626853;-0.010196239;7186.9463
0.025964351;-0.0099000214;7240.0127
0.026301851;-0.0096037928;7293.8506
0.026639331;-0.0093075642;7345.9893
0.025964148;-0.010492186;7058.7607
0.026301485;-0.010788153;6937.1274
0.026638856;-0.011084121;6940.709
0.026976241;-0.011380092;6913.1855
0.02731362;-0.011676077;6808.3677
0.027650999;-0.011972094;6727.3057
0.027988419;-0.012268149;6622.3032
0.028326388;-0.01256428;6330.334
0.025964249;-0.010196103;7186.6138
0.026301758;-0.0098998705;7242.4463
0.026639255;-0.0096036308;7294.5371
0.02630157;-0.010492066;7053.3599
0.026638931;-0.010788038;6931.6865
0.026976306;-0.011084014;6936.7378
0.027313679;-0.011379993;6903.2695
0.027651045;-0.011675997;6798
0.027988439;-0.011972035;6724.3662
0.028326388;-0.012268132;6587.4541
0.026301663;-0.010195967;7197.5239
0.026639167;-0.0098997261;7242.123
0.026639;-0.010491944;7051.2104
0.026976364;-0.010787923;6927.8027
0.027313732;-0.011083903;6927.1997
0.027651094;-0.011379892;6886.7188
0.027988464;-0.011675917;6783.6753
0.028326394;-0.01197199;6726.5132
0.026639076;-0.010195837;7183.1421
0.026976548;-0.0098995911;7239.9751
0.026976421;-0.010491817;7046.5464
0.02731378;-0.010787801;6918.2153
0.027651137;-0.011083786;6908.2827
0.02798849;-0.011379792;6842.9829
0.028326401;-0.011675844;6779.8062
0.026976479;-0.010195705;7181.415
0.027313914;-0.0098994505;7242.7915
0.027313825;-0.010491686;7041.8467
0.027651174;-0.010787672;6910.4429
0.027988521;-0.011083666;6862.6978
0.028326409;-0.011379697;6812.1313
0.027313869;-0.010195564;7179.7568
0.027651273;-0.0098992959;7242.3052
0.027651208;-0.010491548;7037.8438
0.027988546;-0.010787537;6893.584
0.02832642;-0.011083549;6838.584
0.027651237;-0.010195418;7178.7866
0.027988566;-0.010491402;7030.7178
0.028326428;-0.010787399;6890.4468
0.027988585;-0.010195265;7189.6445
0.028326435;-0.010491248;7034.79
0.028326442;-0.010195101;7184.9688
0.02832645;-0.0098989662;7253.9551
0.014164648;-0.003692481;7883.5742
0.014164659;-0.0031005263;7752.502
0.014164654;-0.0033965132;7841.9082
0.014502291;-0.0033963593;7797.9941
0.027314294;-0.0030941265;7604.853
0.02697709;-0.0030943798;7577.0757
0.027314227;-0.0033898656;7611.4819
0.02663989;-0.0030946289;7573.1416
0.026977006;-0.0033901227;7590.168
0.026302701;-0.0030948755;7573.7905
0.026639789;-0.0033903751;7597.9146
0.025965536;-0.0030951188;7574.1953
0.026302584;-0.0033906237;7604.8184
0.025628423;-0.0030953302;7572.9321
0.025965424;-0.0033908479;7609.1543
0.025291374;-0.0030954967;7576.6763
0.025628347;-0.0033910293;7614.6353
0.024954356;-0.0030956471;7578.4033
0.025291305;-0.0033911902;7622.377
0.024617344;-0.0030957975;7572.8047
0.024954271;-0.0033913511;7626.7822
0.024280334;-0.0030959477;7570.4463
0.024617244;-0.003391512;7632.1255
0.023943326;-0.0030960981;7574.7988
0.02428022;-0.0033916733;7637.6357
0.023606315;-0.0030962485;7576.3496
0.023943197;-0.0033918342;7642.2822
0.023269303;-0.0030963989;7576.1284
0.023606177;-0.0033919951;7645.8555
0.022932287;-0.0030965491;7577.0127
0.023269154;-0.0033921562;7648.9268
0.022595268;-0.0030966997;7580.3989
0.022932131;-0.0033923173;7653.748
0.022258239;-0.0030968501;7584.2544
0.022595104;-0.0033924785;7662.1597
0.021921203;-0.0030970003;7587.6758
0.022258069;-0.0033926393;7670.9702
0.021584155;-0.0030971505;7589.6323
0.021921029;-0.0033928007;7678.2495
0.021247094;-0.0030973009;7593.9849
0.021583978;-0.0033929616;7680.562
0.021246918;-0.0033931225;7685.7065
0.020572934;-0.0030976019;7599.9116
0.020909848;-0.0033932836;7693.4658
0.020235831;-0.0030977523;7603.3306
0.020572763;-0.0033934447;7699.022
0.020235661;-0.0033936056;7705.0757
0.019898545;-0.0033937669;7711.936
0.01956141;-0.0033939278;7717.0781
0.019224253;-0.0033940889;7722.3706
0.02158468;-0.0022096711;7294.2754
0.021247623;-0.0022097817;7304.8179
0.020910548;-0.0022098925;7289.1426
0.020573454;-0.0022100033;7300.4082
0.014164696;-0.0016202813;7846.0894
0.020236339;-0.0022101139;7282.2803
0.014164702;-0.0013241689;7518.3184
0.019899201;-0.0022102247;7153.8379
0.014502438;-0.0013240572;7400.1914
0.019562038;-0.0022103356;7272.0776
0.014839781;-0.0013239429;7276.7393
0.019224849;-0.0022104464;7271.3872
0.015177147;-0.0013238261;7215.5039
0.018887632;-0.002210557;7264.8223
0.015514536;-0.0013237072;7192.6943
0.018550387;-0.0022106681;7278.5044
0.015851937;-0.0013235932;7184.3613
0.016863819;-0.0022112718;7272.3315
0.01821311;-0.0022107789;7282.186
0.016189348;-0.0013234772;7157.0723
0.017201159;-0.0022111179;7273.5093
0.017875804;-0.0022108895;7277.5044
0.016526761;-0.0013233472;7149.4473
0.017201288;-0.0019151064;7565.7178
0.01753848;-0.0022109966;7281.4258
0.016864154;-0.0013232136;7139.8862
0.017201407;-0.0016190992;7601.4189
0.017538611;-0.0019149675;7565.438
0.017201521;-0.0013230832;7128.082
0.017538743;-0.0016189556;7584.8501
0.017538864;-0.0013229533;7104.7852
0.017876185;-0.0013228215;7109.4063
0.018213488;-0.0013227089;7094.6226
0.018550774;-0.0013226341;7099.4316
0.018888051;-0.0013225758;7085.1387
0.019225296;-0.001322516;6945.7739
0.019562511;-0.0013224562;7051.8018
0.019899692;-0.0013223964;7067.4556
0.020236846;-0.0013223366;7048.748
0.020573974;-0.0013222768;7049.8999
0.020911071;-0.0013222171;7027.4673
0.021248151;-0.0013221572;6899.7075
0.021585206;-0.0013220974;7017.104
0.021922238;-0.0013220375;7007.3145
0.022259252;-0.0013219777;6873.4932
0.022596251;-0.001321918;6990.2998
0.02293323;-0.0013218583;6995.8179
0.014164726;0.0013420668;7026.4639
0.014164751;0.0010454911;6850.1021
0.014502577;0.001342042;7028.4458
0.014164752;0.00074924459;6879.3901
0.014502604;0.0010454622;6838.4399
0.014840093;0.0013420385;7042.0439
0.014502598;0.00074925279;6916.4595
0.014840083;0.0010454659;6848.2783
0.015177616;0.0013420406;7061.4854
0.014840054;0.00074927689;6824.8262
0.015177575;0.0010454782;6846.7129
0.015515142;0.0013420442;7029.6328
0.015177522;0.00074930524;6797.1987
0.015515074;0.0010454928;6815.5454
0.015852671;0.0013420482;7038.2905
0.015514999;0.00074932724;6843.6792
0.01585258;0.0010455032;6798.5186
0.016190192;0.0013420498;7087.5923
0.015852489;0.00074934534;6832.4502
0.016190089;0.0010455116;6818.1753
0.016527696;0.0013420519;7065.1719
0.016189989;0.00074937241;6800.498
0.016527584;0.0010455261;6819.876
0.016865168;0.0013420566;7055.2676
0.016527478;0.00074940553;6736.7974
0.016865052;0.0010455436;6831.7896
0.01720261;0.0013420614;7075.5103
0.016864941;0.00074943912;6781.144
0.017202489;0.0010455613;6822.5986
0.017540023;0.0013420664;7057.0664
0.01720237;0.00074947323;6723.8413
0.017539896;0.0010455793;6826.2061
0.017877404;0.0013420715;7076.0928
0.017539769;0.0007495078;6778.0557
0.017877273;0.0010455976;6825.7305
0.018214758;0.0013420766;7078.2666
0.017877137;0.00074953586;6784.0356
0.018214621;0.0010456117;6825.438
0.018552082;0.0013420795;7090.4614
0.018214474;0.00074956007;6763.0073
0.018551936;0.0010456237;6827.001
0.018889379;0.0013420825;7086.0161
0.018551791;0.00074959162;6706.1021
0.018889232;0.0010456408;6831.1587
0.019226652;0.001342088;7094.5576
0.018889086;0.00074962812;6754.2344
0.019226506;0.0010456602;6827.0293
0.019563902;0.0013420936;7096.4819
0.019226357;0.00074966496;6694.3418
0.019563755;0.0010456799;6853.0127
0.019901125;0.0013420992;7080.1084
0.019563608;0.00074970222;6759.3545
0.019900981;0.0010456999;6833.4834
0.020238323;0.0013421047;7097.9751
0.019900836;0.00074973993;6756.0684
0.020238183;0.0010457201;6828.3647
0.020575499;0.0013421106;7104.7261
0.020238031;0.00074975297;6749.0322
0.020575352;0.0010457105;6836.4902
0.02091264;0.0013420815;7102.521
0.020575184;0.00074970262;6745.5342
0.020912476;0.0010456305;6835.8354
0.021249751;0.0013420183;7114.6089
0.020912299;0.00074960775;6730.4443
0.021249559;0.0010455105;6840.8267
0.021586847;0.0013419909;7114.0566
0.021249382;0.00074950699;6673.8945
0.02158663;0.0010454336;6840.5786
0.021923933;0.001341999;7108.6758
0.021586437;0.00074941339;6725.0806
0.021923702;0.0010454298;6848.521
0.022261005;0.001342007;7123.1235
0.021923482;0.00074936874;6669.3647
0.022260766;0.0010454569;6853.812
0.022598056;0.0013420152;7150.9141
0.022260536;0.00074939145;6720.7388
0.022597816;0.0010454841;6847.7363
0.022935092;0.0013420234;7213.9287
0.022597579;0.00074944051;6660.1118
0.02293485;0.0010455117;6860.7036
0.023272112;0.0013420319;7148.5186
0.02293461;0.00074949005;6709.8008
0.02327187;0.0010455396;6852.8877
0.023609119;0.0013420403;7191.103
0.02327163;0.00074954005;6652.2017
0.023608878;0.0010455679;6860.7563
0.023946114;0.0013420484;7199.0146
0.02360864;0.00074959063;6708.208
0.023945875;0.001045596;6857.3638
0.024283096;0.0013420568;7155.2305
0.023945641;0.0007496418;6697.604
0.024282863;0.0010456236;6855.6372
0.024620064;0.0013420657;7151.8716
0.024282636;0.00074969255;6636.064
0.024619842;0.0010456522;6868.1714
0.024957025;0.0013420749;7160.5522
0.024619622;0.00074974255;6697.6768
0.024956811;0.0010456825;6867.4229
0.025293976;0.0013420844;7157.0332
0.024956603;0.00074979453;6690.5571
0.025293771;0.0010457132;6868.7476
0.025293576;0.00074984907;6693.7153
0.025630541;0.00074990449;6625.5103
0.025967505;0.00074996089;6693.6221
0.026304465;0.00075001846;6683.8071
0.026641419;0.0007500783;6676.7671
0.026978366;0.00075014192;6674.1978
0.027315311;0.00075020886;6693.6108
0.027652249;0.00075027999;6772.2456
0.028326491;-0.0081226081;7539.3789
0.028326496;-0.0078266254;7573.4824
0.014164619;-0.0051720534;7773.4648
0.014164622;-0.0048761722;7789.5205
0.01450222;-0.0051718843;7755.3105
0.0145022;-0.0048760106;7764.4463
0.014839479;-0.0051716957;7742.8306
0.01483942;-0.0048758397;7748.9707
0.015176771;-0.0051714974;7743.5244
0.01517671;-0.004875652;7742.0664
0.015514065;-0.0051712994;7726.8428
0.014839438;-0.0042840336;7660.9214
0.015514027;-0.0048754569;7739.2295
0.01585136;-0.0051711011;7711.4692
0.015176672;-0.0042838654;7659.8159
0.015851345;-0.0048752618;7738.6387
0.016188651;-0.0051709032;7713.3652
0.015513969;-0.0042836941;7654.2788
0.016188659;-0.0048750667;7736.439
0.016525926;-0.0051707048;7683.0903
0.015851319;-0.0042835129;7639.2212
0.016525956;-0.0048748716;7731.7031
0.016863177;-0.0051705074;7724.2007
0.016188676;-0.0042833276;7579.9858
0.016525986;-0.0045790179;7728.3608
0.016863227;-0.0048746765;7737.1948
0.017200403;-0.005170309;7709.7451
0.016526015;-0.0042831423;7633.3184
0.016863277;-0.0045788265;7730.0386
0.017200474;-0.0048744809;7735.0474
0.017537609;-0.0051701111;7684.3428
0.016863327;-0.0042829565;7645.0337
0.017200541;-0.0045786356;7729.9033
0.017537694;-0.0048742862;7731.4033
0.017874792;-0.0051699127;7710.1118
0.017200608;-0.0042827711;7644.9619
0.01753778;-0.0045784442;7733.4302
0.017874895;-0.0048740907;7737.8223
0.018211959;-0.0051697153;7721.8398
0.017537864;-0.0042825863;7651.2417
0.017874995;-0.0045782537;7736.7798
0.018212074;-0.0048738956;7736.5952
0.018549107;-0.0051695174;7713.5903
0.017875096;-0.0042824005;7659.5107
0.018212188;-0.0045780628;7739.1265
0.018549234;-0.0048737004;7737.5615
0.01888624;-0.005169319;7712.9277
0.018212305;-0.0042822147;7672.4624
0.018549364;-0.0045778719;7742.9478
0.01888638;-0.0048735053;7737.0869
0.019223358;-0.0051691211;7717.7695
0.018549491;-0.0042820293;7673.5078
0.018886518;-0.004577681;7737.6699
0.019223507;-0.0048733107;7737.7891
0.019560466;-0.0051689232;7708.9619
0.018886657;-0.004281844;7631.0239
0.019223657;-0.0045774905;7747.4165
0.019560624;-0.0048731156;7740.0615
0.019897562;-0.0051687248;7710.522
0.019223806;-0.0042816591;7677.7515
0.01956078;-0.0045772991;7751.7427
0.019897725;-0.0048729205;7738.3999
0.020234648;-0.0051685274;7662.1602
0.019560937;-0.0042814733;7689.1563
0.019897889;-0.0045771087;7752.9126
0.020234816;-0.0048727253;7735.0967
0.020571725;-0.005168329;7704.0601
0.019898053;-0.004281288;7696.8115
0.020234985;-0.0045769177;7755.2417
0.020571899;-0.0048725307;7742.0327
0.020908797;-0.0051681311;7705.7515
0.020235155;-0.0042811027;7694.7656
0.02057207;-0.0045767268;7758.2969
0.020908972;-0.0048723351;7741.9512
0.021245865;-0.0051679336;7695.8667
0.020572243;-0.0042809173;7696.1045
0.020909147;-0.0045765359;7763.7671
0.021246038;-0.0048721405;7741.4058
0.021582929;-0.0051677353;7651.9932
0.020909321;-0.004280732;7695.9028
0.021246215;-0.004576345;7765.9282
0.021583105;-0.0048719449;7737.7427
0.021919992;-0.0051675374;7707.8149
0.02124639;-0.0042805471;7695.5034
0.02158328;-0.0045761541;7767.0171
0.021920165;-0.0048717503;7742.3452
0.022257054;-0.0051673395;7701.1069
0.027651237;-0.0051641641;7715.2319
0.021583455;-0.0042803613;7696.8506
0.021920338;-0.0045759631;7769.313
0.022257224;-0.0048715551;7740.0513
0.02259412;-0.0051671416;7689.5693
0.02697685;-0.0054603326;7696.0293
0.027314013;-0.0051643695;7686.1816
0.02192051;-0.004280176;7699.2739
0.022257393;-0.0045757727;7766.9849
0.022594284;-0.00487136;7740.5811
0.022931188;-0.0051669432;7652.6572
0.026639622;-0.0054605324;7695.0195
0.026976813;-0.0051645678;7674.5952
0.022257561;-0.0042799907;7702.8589
0.022594448;-0.0045755818;7768.4253
0.022931345;-0.0048711649;7735.4565
0.02326826;-0.0051667457;7694.2739
0.026302399;-0.0054607317;7696.6494
0.026639609;-0.0051647658;7672.8535
0.022594612;-0.0042798053;7706.5195
0.022931501;-0.0045753908;7770.7612
0.023268411;-0.0048709698;7745.5239
0.023605341;-0.0051665478;7696.186
0.023942303;-0.0054621296;7714.894
0.025965188;-0.0054609315;7698.3359
0.026302408;-0.0051649641;7677.2905
0.022931661;-0.00427962;7705.543
0.023268558;-0.0045751999;7769.376
0.023605481;-0.0048707752;7746.2563
0.02394243;-0.0051663499;7692.7446
0.024279414;-0.0054619294;7713.2476
0.025627999;-0.0054611312;7699.4146
0.025965218;-0.0051651616;7678.7275
0.023268707;-0.0042794347;7709.4316
0.023605619;-0.0045750095;7769.98
0.023942558;-0.0048705796;7745.0391
0.024279527;-0.005166152;7690.4087
0.024616538;-0.0054617301;7709.8848
0.025290828;-0.0054613305;7702.7813
0.025628047;-0.0051653595;7675.4619
0.02360576;-0.0042792498;7704.0635
0.023942685;-0.0045748181;7771.585
0.024279643;-0.0048703849;7745.6348
0.024616636;-0.0051659537;7686.6323
0.024953675;-0.0054615303;7705.5713
0.025290895;-0.0051655578;7676.8438
0.023942811;-0.004279064;7704.4053
0.024279758;-0.0045746276;7772.8501
0.024616739;-0.0048701894;7744.0562
0.024953758;-0.0051657557;7680.1216
0.024279872;-0.0042788787;7709.8232
0.024616839;-0.0045744367;7773.3076
0.024953844;-0.0048699947;7740.7705
0.02461694;-0.0042786938;7713.2876
0.02495393;-0.0045742458;7773.6128
0.024954015;-0.004278508;7714.1343
0.0252911;-0.0042783227;7686.9673
0.025628196;-0.0042781378;7722.4766
0.025965307;-0.004277952;7724.3032
0.026302435;-0.0042777667;7691.0234
0.026639577;-0.0042775786;7722.4951
0.026976775;-0.0042773662;7727.5093
0.027314031;-0.0042771199;7714.395
0.027651314;-0.0042768568;7730.1567
0.027988603;-0.004276589;7775.3804
0.028326441;-0.0042763157;7765.3257
0.027988812;-0.0022064629;7483.2686
0.0283265;-0.0025019133;7850.2656
0.02832651;-0.0022062128;7640.2373
0.028326521;-0.0019105204;7607.3481
0.014839923;-0.00013936196;6944.9858
0.015177333;-0.00013930487;6855.3418
0.015514771;-0.00013923543;6838.1108
0.015852235;-0.00013915887;6832.5791
0.016189706;-0.00013907847;6834.8804
0.016527168;-0.0001389971;6835.7886
0.016864596;-0.00013892581;6834.5615
0.017201979;-0.00013886718;6837.2583
0.017539348;-0.00013879625;6839.8398
0.017876703;-0.00013871049;6840.6084
0.018214038;-0.0001386239;6840.4336
0.01855135;-0.00013853647;6848.5483
0.018888641;-0.00013844823;6865.4331
0.019225905;-0.00013836916;6860.2861
0.019563142;-0.00013833231;6847.0396
0.019900348;-0.00013834293;6840.4033
0.020237522;-0.00013836841;6839.582
0.020574663;-0.00013839389;6844.8535
0.020911774;-0.00013841936;6849.1182
0.021248853;-0.00013844484;6850.1108
0.021585906;-0.00013847032;6848.2578
0.021922931;-0.00013849579;6851.4028
0.02225993;-0.00013852125;6854.4492
0.02259692;-0.00013852834;6856.771
0.022933923;-0.00013847844;6861.0962
0.023270939;-0.0001383778;6860.0322
0.023607951;-0.00013826448;6864.3457
0.023944963;-0.00013815003;6868.4507
0.024281971;-0.00013803442;6877.123
0.02461898;-0.00013791758;6875.7861
0.024955984;-0.00013779951;6883.5137
0.025292993;-0.00013768322;6888.9609
0.025630005;-0.00013756769;6898.1172
0.025967015;-0.00013744677;6902.9985
0.026304023;-0.00013732121;6902.5747
0.026641034;-0.00013719374;6909.356
0.026978042;-0.00013706417;6807.4658
0.027315049;-0.00013693154;6917.8833
0.027652051;-0.00013679301;6953.3589
0.027989049;-0.00013664755;6904.208
0.02832659;-0.00013649515;7072.0327
0.028326603;0.00015915971;7098.8071
0.02697663;-0.0096034817;7294.522
0.02731397;-0.0096033439;7293.5
0.027651303;-0.0096031912;7290.1919
0.027988605;-0.0098991357;7243.9346
0.028326456;-0.0096028503;7288.6011
0.027988624;-0.0096030235;7283.4487
0.028326461;-0.0093067568;7306.3081
0.027988642;-0.0093069356;7316.5854
0.028326469;-0.0090106875;7329.7061
0.025291033;-0.0045740549;7769.5215
0.027988665;-0.0090108654;7334.4609
0.028326476;-0.0087146387;7380.0825
0.025290964;-0.0048697996;7740.4629
0.025628148;-0.0045738644;7774.3623
0.027651388;-0.0090110302;7343.3555
0.027988693;-0.0087148156;7368.0752
0.028326485;-0.0084186113;7475.4229
0.025628097;-0.0048696045;7738.7153
0.025965277;-0.004573673;7777.2261
0.027314086;-0.0090111913;7347.2471
0.027651424;-0.008714986;7369.0347
0.027988715;-0.008418791;7464.04
0.025965247;-0.0048694094;7740.3169
0.026302425;-0.0045734821;7772.2041
0.026976757;-0.0090113543;7350.897
0.02731413;-0.0087151565;7369.9229
0.027651457;-0.0084189679;7463.3203
0.027988734;-0.0081227897;7529.3594
0.026302416;-0.0048692147;7741.2998
0.026639581;-0.0045732916;7775.2271
0.026639406;-0.0090115201;7353.3535
0.026976816;-0.0087153269;7373.8442
0.027314177;-0.008419143;7462.4858
0.027651487;-0.0081229694;7526.5635
0.02798875;-0.0078268088;7562.6123
0.026639596;-0.0048690191;7740.7085
0.026976753;-0.0045730961;7776.3853
0.028326504;-0.0075306636;7604.6802
0.026302034;-0.0090116924;7355.644
0.02663948;-0.0087154955;7376.7993
0.026976874;-0.0084193181;7465.1255
0.027314223;-0.0081231482;7536.5791
0.027651522;-0.0078269914;7557.4692
0.027988771;-0.0075308476;7587.3604
0.026976775;-0.004868824;7742.4556
0.027313981;-0.0045728763;7776.6523
0.02832651;-0.007234721;7616.4399
0.025964662;-0.0090118703;7354.6284
0.026302125;-0.0087156715;7378.5942
0.026639551;-0.0084194923;7466.1045
0.026976932;-0.008123327;7521.144
0.027314268;-0.0078271721;7555.4302
0.027651552;-0.0075310306;7584.1401
0.02798879;-0.0072349049;7599.7646
0.027313974;-0.0048686229;7747.042
0.027651267;-0.0045726257;7793.3594
0.028326515;-0.0069387979;7639.0605
0.028326431;-0.0045720898;7831.7871
0.025627311;-0.0090120388;7358.8428
0.02596477;-0.0087158494;7380.9326
0.026302215;-0.0084196692;7468.6953
0.026639622;-0.0081235059;7520.8999
0.026976991;-0.0078273537;7552.9443
0.027314313;-0.0075312136;7580.9995
0.027651584;-0.0072350884;7594.4492
0.027988808;-0.0069389804;7618.5176
0.027651232;-0.004868397;7765.4312
0.027988574;-0.0045723603;7814.5298
0.028326523;-0.006642893;7675.5093
0.028326422;-0.0048678764;7822.0273
0.025289973;-0.0090121776;7362.7173
0.025627417;-0.0087160077;7384.6733
0.02596486;-0.0084198378;7469.4761
0.026302284;-0.0081236791;7522.4785
0.026639679;-0.0078275306;7551.9287
0.026977038;-0.0075313933;7579.7407
0.027314348;-0.0072352691;7588.1899
0.02765161;-0.0069391606;7608.7168
0.027988823;-0.0066430718;7656.0098
0.027988547;-0.0048681432;7793.9624
0.028326526;-0.0063470048;7709.7402
0.028326413;-0.005163677;7801.2529
0.024952633;-0.0090122959;7364.0796
0.025290063;-0.0087161418;7387.2617
0.025627488;-0.0084199905;7470.7563
0.025964912;-0.0081238402;7519.0581
0.026302319;-0.0078276992;7553.2695
0.026639706;-0.0075315665;7579.3472
0.026977053;-0.007235446;7586.0469
0.027314354;-0.0069393404;7605.3872
0.027651602;-0.0066432524;7642.7251
0.027988805;-0.0063471855;7692.9487
0.027988527;-0.0051639332;7761.4175
0.028326496;-0.0060511422;7721.3516
0.028326409;-0.0054594893;7787.4512
0.024615308;-0.0090124132;7369.1968
0.024952721;-0.0087162741;7389.6611
0.025290132;-0.008420134;7472.3467
0.02562754;-0.0081239957;7521.0327
0.025964942;-0.0078278631;7551.7949
0.026302334;-0.0075317384;7581.2422
0.026639702;-0.0072356248;7584.9307
0.026977032;-0.0069395243;7606.1172
0.027314313;-0.0066434406;7641.2813
0.027651545;-0.0063473769;7667.9624
0.02798873;-0.0060513355;7708.3242
0.027988544;-0.0054597245;7747.7095
0.028326439;-0.005755309;7757.7749
0.024278017;-0.0090125287;7369.1748
0.024615413;-0.0087164044;7392.6484
0.024952807;-0.0084202774;7472.3481
0.025290202;-0.0081241522;7519.6196
0.025627591;-0.0078280289;7551.4346
0.025964973;-0.007531913;7582.6812
0.026302343;-0.0072358064;7588.1924
0.026639691;-0.0069397129;7605.6113
0.026976995;-0.0066436343;7641.8638
0.027314253;-0.0063475738;7688.6235
0.027651463;-0.0060515339;7697.9409
0.027651297;-0.0054599335;7720.4219
0.027988622;-0.00575552;7736.0122
0.023940753;-0.009012646;7372.3267
0.024278132;-0.0087165348;7395.1318
0.024615511;-0.0084204208;7471.8687
0.024952894;-0.0081243068;7520.5684
0.025290271;-0.0078281937;7550.6089
0.025627641;-0.0075320872;7579.8486
0.025965005;-0.0072359885;7590.3677
0.026302353;-0.0069399006;7606.5991
0.026639678;-0.0066438275;7642.3057
0.02697696;-0.0063477708;7675.3823
0.027314195;-0.0060517332;7689.6201
0.027314074;-0.0054601328;7704.1455
0.027651381;-0.0057557197;7724.6411
0.023603518;-0.0090127625;7374.7759
0.023940882;-0.0087166661;7399.7324
0.02427825;-0.0084205642;7473.9243
0.024615616;-0.0081244614;7517.3965
0.02495298;-0.0078283595;7549.418
0.025290342;-0.0075322613;7581.7573
0.025627691;-0.0072361701;7589.897
0.025965035;-0.0069400892;7610.0259
0.026302364;-0.0066440199;7641.0493
0.026639663;-0.0063479673;7671.8296
0.026976924;-0.006051932;7684.8472
0.027314134;-0.0057559195;7718.2393
0.023266312;-0.0090128789;7377.6396
0.023603659;-0.0087167965;7397.5454
0.02394101;-0.0084207086;7474.1206
0.024278365;-0.0081246169;7518.0942
0.024615718;-0.0078285243;7547.4697
0.024953067;-0.0075324355;7579.8301
0.025290409;-0.0072363522;7592.3042
0.025627743;-0.0069402768;7615.9058
0.025965065;-0.0066442136;7641.9468
0.026302373;-0.0063481634;7669.9858
0.02663965;-0.0060521308;7681.2939
0.026976887;-0.0057561202;7713.6328
0.022929132;-0.0090129962;7378.2163
0.023266463;-0.0087169269;7403.7969
0.023603799;-0.0084208511;7473.8501
0.023941139;-0.0081247715;7517.7378
0.024278482;-0.0078286901;7547.1753
0.02461582;-0.0075326101;7581.6152
0.024953153;-0.0072365338;7577.1182
0.02529048;-0.0069404654;7616.8843
0.025627796;-0.0066444064;7646.2832
0.025965096;-0.0063483603;7668.751
0.026302382;-0.0060523301;7679.2246
0.026639638;-0.00575632;7713.147
0.022591975;-0.0090131126;7379.0498
0.022929288;-0.0087170582;7405.7168
0.023266613;-0.0084209945;7472.5449
0.023603939;-0.0081249271;7516.6899
0.023941271;-0.0078288559;7546.6626
0.024278598;-0.0075327838;7582.1802
0.024615923;-0.0072367159;7593.6338
0.024953241;-0.0069406531;7613.312
0.025290549;-0.0066445996;7645.1602
0.025627846;-0.0063485573;7669.21
0.025965128;-0.0060525294;7679.4771
0.026302392;-0.0057565197;7710.688
0.022254841;-0.009013229;7380.4082
0.02259214;-0.0087171886;7407.7485
0.022929449;-0.0084211389;7478.2466
0.023266762;-0.0081250817;7515.8613
0.02360408;-0.0078290207;7545.2515
0.0239414;-0.0075329584;7583.5654
0.024278715;-0.0072368979;7596.6318
0.024616025;-0.0069408417;7619.8477
0.024953328;-0.0066447929;7645.6582
0.02529062;-0.0063487543;7680.6206
0.025627898;-0.0060527283;7678.4741
0.025965158;-0.00575672;7710.8325
0.021917731;-0.0090133455;7378.6201
0.022255011;-0.0087173199;7409.5986
0.022592306;-0.0084212823;7477.8486
0.022929607;-0.0081252372;7517.0879
0.023266912;-0.0078291856;7544.8818
0.023604222;-0.0075331326;7583.0845
0.023941528;-0.0072370796;7611.2954
0.024278831;-0.0069410289;7618.2949
0.024616128;-0.0066449856;7651.4487
0.024953414;-0.0063489508;7665.21
0.02529069;-0.0060529266;7678.8188
0.025627946;-0.0057569197;7712.3843
0.021580638;-0.0090134628;7380.5093
0.021917904;-0.0087174512;7412.46
0.022255182;-0.0084214257;7478.6084
0.022592468;-0.0081253918;7515.5347
0.022929765;-0.0078293514;7544.0068
0.023267062;-0.0075333067;7583.541
0.023604361;-0.0072372607;7601.5527
0.023941657;-0.006941217;7620.1904
0.024278948;-0.0066451784;7648.0391
0.02461623;-0.0063491468;7668.3931
0.024953501;-0.0060531264;7677.144
0.025290757;-0.0057571195;7714.4644
0.021243563;-0.0090135783;7380.6763
0.021580813;-0.0087175807;7413.0552
0.021918079;-0.0084215701;7479.2798
0.022255354;-0.0081255473;7514.4287
0.022592636;-0.0078295171;7542.2856
0.022929922;-0.0075334809;7582.0122
0.023267213;-0.0072374428;7613.6929
0.023604501;-0.0069414056;7621.3711
0.023941787;-0.0066453712;7647.8965
0.024279065;-0.0063493438;7681.0903
0.024616331;-0.0060533248;7677.9429
0.024953587;-0.0057573197;7715.5088
0.020906506;-0.0090136956;7382.6089
0.021243742;-0.008717712;7414.7783
0.021580992;-0.0084217135;7478.9795
0.021918252;-0.0081257019;7513.3823
0.022255523;-0.007829682;7541.1118
0.022592802;-0.0075336555;7580.4609
0.02293008;-0.0072376248;7601.2119
0.023267362;-0.0069415933;7623.189
0.023604643;-0.0066455645;7648.624
0.023941915;-0.0063495408;7667.7749
0.024279181;-0.0060535241;7678.1646
0.024616435;-0.00575752;7716.7632
0.020569462;-0.0090138111;7384.4902
0.020906683;-0.0087178424;7414.6738
0.021243921;-0.0084218569;7479.0781
0.021581165;-0.0081258575;7512.375
0.021918427;-0.0078298468;7540.0073
0.022255694;-0.0075338292;7581.4897
0.022592966;-0.007237806;7586.9736
0.02293024;-0.0069417814;7622.4302
0.023267513;-0.0066457572;7649.9238
0.023604782;-0.0063497368;7664.7588
0.023942044;-0.0060537229;7675.6978
0.024279298;-0.0057577197;7717.4634
0.020232433;-0.0090139285;7383.4219
0.020569637;-0.0087179728;7417.2974
0.020906858;-0.0084220003;7480.4819
0.021244094;-0.008126013;7511.8501
0.021581344;-0.0078300126;7538.5859
0.0219186;-0.0075340034;7577.8325
0.022255864;-0.0072379881;7598.1885
0.022593129;-0.0069419695;7620.0039
0.022930399;-0.0066459505;7650.2485
0.023267664;-0.0063499333;7666.438
0.023604922;-0.0060539218;7673.917
0.023942176;-0.0057579195;7718.3779
0.019895416;-0.0090140458;7385.6636
0.020232603;-0.0087181041;7419.5796
0.020569811;-0.0084221438;7480.2886
0.020907035;-0.0081261676;7511.0127
0.021244273;-0.0078301784;7537.4585
0.021581519;-0.007534178;7579.5083
0.021918776;-0.0072381701;7587.9961
0.022256035;-0.0069421576;7619.1089
0.022593297;-0.0066461433;7650.6577
0.022930557;-0.0063501303;7664.8931
0.023267813;-0.0060541206;7676.7271
0.023605064;-0.0057581193;7718.4985
0.019558407;-0.0090141613;7386.751
0.01989558;-0.0087182345;7422.167
0.020232774;-0.0084222872;7480.2886
0.020569986;-0.0081263222;7510.1035
0.020907212;-0.0078303423;7535.8066
0.02124445;-0.0075343517;7577.9644
0.021581696;-0.0072383517;7602.1396
0.021918949;-0.0069423453;7622.8569
0.022256207;-0.0066463365;7650.7148
0.022593461;-0.0063503268;7663.3374
0.022930715;-0.0060543199;7674.2383
0.023267962;-0.0057583191;7720.8311
0.023605203;-0.0054623284;7718.3452
0.01922141;-0.0090142787;7388.4297
0.019558566;-0.0087183658;7423.8848
0.019895745;-0.0084224306;7479.1157
0.020232946;-0.0081264777;7509.0088
0.020570159;-0.0078305081;7533.96
0.020907389;-0.0075345258;7577.8267
0.021244626;-0.0072385329;7598.2925
0.021581873;-0.0069425334;7626.0771
0.021919122;-0.0066465288;7652.5488
0.022256374;-0.0063505229;7662.5942
0.022593629;-0.0060545187;7674.3843
0.022930874;-0.0057585193;7715.9453
0.023268113;-0.0054625282;7722.3716
0.018884417;-0.0090143941;7389.0259
0.019221559;-0.0087184962;7424.6123
0.019558724;-0.008422574;7479.7026
0.019895911;-0.0081266323;7507.4888
0.020233115;-0.0078306738;7531.8862
0.020570334;-0.0075346995;7575.5562
0.020907566;-0.007238715;7600.2378
0.021244805;-0.0069427215;7625.2686
0.021582048;-0.0066467221;7650.5586
0.021919299;-0.0063507198;7661.1958
0.022256548;-0.006054718;7672.9858
0.022593793;-0.0057587191;7719.2285
0.022931032;-0.005462728;7714.3848
0.018210329;-0.0093103684;7335.3638
0.018547431;-0.0090145115;7389.8999
0.018884556;-0.0087186266;7425.2422
0.019221708;-0.0084227175;7479.6597
0.019558884;-0.0081267878;7506.0205
0.019896077;-0.0078308387;7530.6279
0.020233285;-0.0075348737;7577.5293
0.020570509;-0.007238897;7588.624
0.020907741;-0.0069429092;7628.2427
0.02124498;-0.0066469149;7650.1147
0.021582225;-0.0063509163;7662.752
0.02191947;-0.0060549164;7671.2012
0.022256717;-0.0057589188;7721.917
0.022593956;-0.0054629273;7722.9956
0.017873345;-0.0093104756;7328.0137
0.018210446;-0.009014627;7391.0278
0.018547559;-0.0087187579;7427.3457
0.018884698;-0.0084228618;7479.2979
0.019221859;-0.0081269424;7504.6201
0.019559043;-0.0078310035;7529.3647
0.019896243;-0.0075350483;7575.73
0.020233456;-0.0072390782;7603.687
0.020570682;-0.0069430973;7623.8711
0.020907918;-0.0066471081;7653.2944
0.021245157;-0.0063511129;7661.3154
0.021582402;-0.0060551153;7671.8955
0.021919645;-0.0057591191;7716.3003
0.022256887;-0.005463127;7726.8057
0.017536314;-0.0093106227;7333.293
0.017873464;-0.0090147443;7390.6392
0.018210562;-0.0087188873;7428.9458
0.018547688;-0.0084230052;7479.6831
0.018884838;-0.008127098;7503.0107
0.01922201;-0.0078311693;7527.0601
0.019559201;-0.007535222;7573.4434
0.019896407;-0.0072392602;7605.4502
0.020233626;-0.0069432855;7625.2656
0.020570856;-0.0066473009;7654.3604
0.020908095;-0.0063513098;7656.29
0.021245336;-0.0060553141;7669.9233
0.021582579;-0.0057593188;7722.0728
0.021919819;-0.0054633263;7726.855
0.017536463;-0.00901487;7390.7979
0.017873567;-0.0087190187;7429.1318
0.018210679;-0.0084231487;7479.7856
0.018547818;-0.0081272526;7501.9404
0.018884979;-0.0078313351;7525.2959
0.019222161;-0.0075353971;7576.1748
0.019559359;-0.0072394419;7591.8384
0.019896572;-0.0069434731;7627.9067
0.020233797;-0.0066474937;7655.7368
0.020571031;-0.0063515059;7655.3003
0.020908272;-0.0060555134;7668.8813
0.021245513;-0.0057595186;7716.1636
0.021582752;-0.0054635261;7721.752
0.01719941;-0.0090150395;7391.811
0.017536571;-0.008719149;7429.8389
0.017873669;-0.0084232921;7479.2148
0.018210795;-0.0081274072;7500.6807
0.018547947;-0.007831499;7523.2554
0.018885117;-0.0075355708;7576.2046
0.019222312;-0.0072396239;7615.2388
0.019559518;-0.0069436613;7625.3984
0.019896736;-0.0066476865;7656.3135
0.020233966;-0.0063517024;7656.3359
0.020571206;-0.0060557118;7668.7896
0.020908445;-0.0057597184;7719.2163
0.021245688;-0.005463725;7729.418
0.016862314;-0.0090152556;7392.7285
0.017199548;-0.0087192943;7430.4531
0.017536655;-0.0084234355;7478.2202
0.017873771;-0.0081275627;7499.313
0.018210912;-0.0078316648;7521.5332
0.018548075;-0.0075357449;7572.1196
0.018885259;-0.0072398051;7606.959
0.019222461;-0.0069438489;7631.3657
0.019559676;-0.0066478793;7653.2231
0.019896902;-0.0063518994;7651.4976
0.020234138;-0.0060559111;7667.1777
0.020571379;-0.0057599181;7721.3091
0.020908622;-0.0054639252;7730.7788
0.016525198;-0.0090154875;7394.6855
0.016862467;-0.0087194834;7433.6362
0.017199639;-0.008423578;7477.6904
0.017536743;-0.0081277173;7497.874
0.017873874;-0.0078318296;7519.8242
0.018211028;-0.0075359191;7571.9614
0.018548204;-0.0072399867;7593.8413
0.0188854;-0.006944037;7626.5864
0.01922261;-0.0066480725;7652.8247
0.019559834;-0.0063520959;7649.8701
0.019897066;-0.0060561099;7664.4131
0.020234309;-0.0057601184;7717.3418
0.020571552;-0.0054641245;7734.2153
0.016188063;-0.0090157213;7390.8555
0.016525339;-0.0087197144;7432.3569
0.01686259;-0.00842374;7477.5166
0.017199708;-0.0081278738;7495.9321
0.017536828;-0.0078319954;7516.1177
0.017873976;-0.0075360928;7568.4956
0.018211145;-0.0072401688;7602.2466
0.018548336;-0.0069442252;7629.0938
0.01888554;-0.0066482653;7652.9863
0.019222762;-0.0063522924;7650.3008
0.019559992;-0.0060563083;7662.9121
0.019897234;-0.0057603181;7717.3892
0.020234477;-0.0054643243;7728.7622
0.015850909;-0.0090159569;7391.042
0.016188188;-0.0087199574;7432.4922
0.016525477;-0.0084239496;7476.5859
0.016862668;-0.0081280284;7493.9453
0.017199779;-0.0078321602;7514.1323
0.017536916;-0.0075362674;7569.8486
0.017874077;-0.0072403504;7594.4395
0.018211262;-0.0069444133;7626.8965
0.018548463;-0.0066484585;7652.3677
0.018885681;-0.0063524889;7648.9961
0.019222911;-0.006056508;7662.144
0.019560151;-0.0057605179;7715.9614
0.019897398;-0.0054645236;7733.3428
0.01551375;-0.0090161934;7395.4834
0.015851021;-0.0087201986;7433.9355
0.01618831;-0.0084241936;7475.2031
0.016525589;-0.0081282053;7492.1904
0.016862718;-0.007832326;7512.1519
0.017199848;-0.0075364411;7567.5034
0.017537003;-0.007240532;7616.1143
0.017874181;-0.006944601;7627.8208
0.018211378;-0.0066486513;7651.0542
0.018548593;-0.0063526854;7647.0918
0.018885821;-0.0060567064;7661.6714
0.01922306;-0.0057607177;7715.1318
0.019560309;-0.0054647233;7731.5073
0.015176583;-0.0090164319;7391.7993
0.015513839;-0.0087204408;7433.4238
0.015851125;-0.0084244395;7474.3315
0.016188432;-0.0081284288;7488.7358
0.016525647;-0.0078324918;7509.7207
0.016862769;-0.0075366152;7564.749
0.017199919;-0.007240714;7607.686
0.017537089;-0.0069447886;7631.3755
0.017874284;-0.0066488441;7650.8774
0.018211495;-0.0063528819;7645.7383
0.018548721;-0.0060569057;7659.77
0.018885961;-0.0057609174;7715.0254
0.019223209;-0.0054649226;7732.4795
0.014839414;-0.009016674;7392.5571
0.015176654;-0.0087206885;7435.6953
0.015513927;-0.0084246891;7474.5723
0.015851228;-0.0081286803;7486.9678
0.016188525;-0.0078326818;7508.6016
0.016525678;-0.0075367894;7564.1133
0.016862821;-0.0072408961;7595.6416
0.017199988;-0.0069449772;7631.5449
0.017537177;-0.0066490374;7651.2251
0.017874386;-0.0063530789;7643.9258
0.018211611;-0.0060571041;7659.1499
0.01854885;-0.0057611177;7712.1064
0.018886101;-0.0054651224;7734.6338
0.014502241;-0.0090169208;7396.9175
0.014839467;-0.00872094;7434.9497
0.015176724;-0.0084249433;7474.4053
0.015514012;-0.0081289336;7488.5625
0.01585133;-0.0078329174;7505.5142
0.016188569;-0.0075369659;7562.3926
0.01652571;-0.0072410773;7605.9233
0.016862873;-0.0069451658;7632.4141
0.017200056;-0.0066492306;7651.0737
0.017537262;-0.0063532754;7642.8818
0.017874487;-0.0060573034;7657.4551
0.018211728;-0.0057613174;7712.8057
0.018548978;-0.0054653222;7736.0596
0.014164643;-0.009017176;7410.7261
0.014502274;-0.0087211961;7435.9478
0.014839517;-0.0084252004;7474.6177
0.015176792;-0.0081291925;7487.9443
0.015514098;-0.0078331754;7504.3516
0.01585141;-0.007537168;7559.8984
0.016188584;-0.0072412589;7608.645
0.016525742;-0.006945353;7629.8818
0.016862921;-0.0066494234;7651.3125
0.017200127;-0.0063534714;7640.9565
0.01753735;-0.0060575022;7657.0864
0.017874589;-0.0057615172;7710.938
0.018211843;-0.0054655215;7735.2119
0.014164655;-0.0087214578;7447.3301
0.014502306;-0.008425463;7467.0264
0.014839565;-0.0081294551;7492.6802
0.01517686;-0.0078334361;7500.6694
0.015514182;-0.007537412;7556.877
0.015851442;-0.0072414447;7604.9546
0.016188595;-0.0069455411;7627.9229
0.016525771;-0.0066496162;7649.3232
0.016862974;-0.0063536684;7639.7988
0.017200198;-0.0060577011;7656.2676
0.017537437;-0.0057617174;7711.3076
0.017874692;-0.0054657208;7734.6328
0.014164665;-0.0084257312;7473.5073
0.014502334;-0.0081297234;7485.8359
0.014839614;-0.0078337025;7502.0112
0.015176925;-0.0075376756;7555.958
0.015514245;-0.0072416575;7601.915
0.01585144;-0.0069457293;7631.147
0.016188605;-0.006649809;7651.5923
0.016525805;-0.0063538654;7640.4189
0.016863026;-0.0060578999;7655.2607
0.017200267;-0.0057619172;7710.873
0.017537523;-0.005465921;7729.54
0.014164675;-0.0081299953;7492.3716
0.014502364;-0.0078339744;7506.4941
0.014839662;-0.0075379433;7554.1216
0.01517699;-0.0072419085;7603.5122
0.015514267;-0.006945923;7632.7861
0.015851427;-0.0066500022;7656.0723
0.016188616;-0.0063540619;7644.0137
0.016525835;-0.0060580987;7655.2627
0.016863078;-0.005762117;7709.0581
0.017200336;-0.0054661203;7735.5664
0.014164685;-0.0078342501;7520.3188
0.014502392;-0.0075382162;7561.4028
0.014839709;-0.0072421767;7604.085
0.015177039;-0.0069461451;7630.4326
0.015514245;-0.006650195;7658.9697
0.015851414;-0.0063542584;7651.9214
0.016188625;-0.0060582981;7656.9507
0.016525866;-0.0057623172;7711.6196
0.016863126;-0.0054663201;7736.8296
0.014164695;-0.0075384947;7576.8081
0.014502421;-0.0072424496;7618.79
0.014839754;-0.0069464017;7632.7476
0.015177047;-0.0066503957;7659.0322
0.01551421;-0.0063544549;7654.2437
0.015851401;-0.0060584969;7662.1216
0.016188633;-0.0057625175;7710.3262
0.016525896;-0.0054665194;7734.7119
0.014164704;-0.007242728;7612.5806
0.014502449;-0.0069466732;7638.9067
0.014839791;-0.0066506253;7662.4863
0.01517701;-0.0063546519;7656.1362
0.015514174;-0.0060586962;7666.6035
0.015851388;-0.0057627172;7711.5859
0.016188644;-0.0054667192;7740.2471
0.014164713;-0.0069469507;7657.1357
0.014502477;-0.0066508865;7673.3516
0.014839786;-0.0063548577;7666.0269
0.01517695;-0.006058895;7670.7256
0.015514138;-0.005762917;7709.8306
0.015851375;-0.0054669189;7739.8521
0.014164722;-0.0066511608;7695.0923
0.014502496;-0.0063550938;7686.0142
0.014839729;-0.0060590943;7681.7202
0.01517689;-0.0057631172;7711.7954
0.015514102;-0.0054671187;7743.9233
0.014164731;-0.0063553588;7716.5708
0.01450248;-0.0060593039;7700.876
0.014839646;-0.0057633175;7718.0503
0.015176831;-0.005467318;7743.645
0.014164736;-0.0060595456;7735.6582
0.014502403;-0.0057635168;7733.9819
0.014839564;-0.0054675182;7749.2705
0.014164707;-0.00576373;7760.4849
0.014502296;-0.0054677175;7763.2104
0.014164648;-0.0054679066;7784.6826
